frame,u,v
71,274.41,197.675
74,279.83000000000004,198.255
438,317.31,196.03500000000003
1048,360.19,203.59
1061,225.87,202.185
1079,255.765,187.37
1321,165.345,206.525
1322,165.575,205.85
1342,349.435,208.995
1350,264.65,220.42
1354,276.875,219.05
1392,347.44,208.38
1393,347.585,208.8
1395,347.6,209.57
1484,298.245,240.9
1485,296.285,242.41
1488,306.995,247.985
1492,356.345,247.985
1630,271.30999999999995,205.335